action,filename,vector_store_file_id,file_id,created_at,status,error
KEPT,article_47340650351385.txt,file-Y4bx8DWj5xYB5Ccej9xZ3M,file-Y4bx8DWj5xYB5Ccej9xZ3M,2025-11-07 07:46:20,Kept (latest version),
KEPT,article_48337970425625.txt,file-WUsR7WBBeGGXiVxJauYSmD,file-WUsR7WBBeGGXiVxJauYSmD,2025-11-07 06:52:40,Kept (latest version),
KEPT,article_19248966251417.txt,file-KPP8xgLnts4eQzPPGGaEDH,file-KPP8xgLnts4eQzPPGGaEDH,2025-11-06 16:50:09,Kept (latest version),
KEPT,article_51677022302745.txt,file-ST9uZXCVdNt9P8yMwqRagr,file-ST9uZXCVdNt9P8yMwqRagr,2025-11-06 16:48:55,Kept (latest version),
KEPT,article_360047724551.txt,file-9KHgbofLyg5jy1WKWp64Wu,file-9KHgbofLyg5jy1WKWp64Wu,2025-11-06 16:48:52,Kept (latest version),
KEPT,article_23403418763545.txt,file-8otfzpFAgwWYLHVzBrp8P8,file-8otfzpFAgwWYLHVzBrp8P8,2025-11-06 16:46:29,Kept (latest version),
KEPT,article_49533482352409.txt,file-2QcJ7p9bQoxDinAGAsygLc,file-2QcJ7p9bQoxDinAGAsygLc,2025-11-06 16:45:06,Kept (latest version),
KEPT,article_49256014636697.txt,file-75hgu6sWjqaebcomLK7cUb,file-75hgu6sWjqaebcomLK7cUb,2025-11-06 16:44:19,Kept (latest version),
KEPT,article_49539502304537.txt,file-SngsbfR8QwLRej2NUruxFs,file-SngsbfR8QwLRej2NUruxFs,2025-11-06 16:43:03,Kept (latest version),
KEPT,article_48300727338521.txt,file-P58Ky3dRuRawuQSZTFwTSm,file-P58Ky3dRuRawuQSZTFwTSm,2025-11-06 16:42:26,Kept (latest version),
KEPT,article_18105734284697.txt,file-74uHJVTZC8t7CzZmaxqHeU,file-74uHJVTZC8t7CzZmaxqHeU,2025-11-06 16:39:13,Kept (latest version),
KEPT,article_360046670391.txt,file-EmjrhiofWdTMTKcAQsedxx,file-EmjrhiofWdTMTKcAQsedxx,2025-11-06 16:36:53,Kept (latest version),
KEPT,article_27458260337433.txt,file-LivwtCpZ1g9qPXUi7ErKKp,file-LivwtCpZ1g9qPXUi7ErKKp,2025-11-06 16:36:08,Kept (latest version),
KEPT,article_360046202632.txt,file-MBqHHH88akM3CJNt99yaTH,file-MBqHHH88akM3CJNt99yaTH,2025-11-06 16:35:25,Kept (latest version),
KEPT,article_49709534631705.txt,file-9HeJ97naRQT9RCr7xdW1TJ,file-9HeJ97naRQT9RCr7xdW1TJ,2025-11-06 16:33:34,Kept (latest version),
KEPT,article_49948809227545.txt,file-SrA3fHkiFyyjxSbSrAFyrc,file-SrA3fHkiFyyjxSbSrAFyrc,2025-11-06 16:30:48,Kept (latest version),
KEPT,article_18064383906329.txt,file-YL3oAwCSXznehLqwxzGD81,file-YL3oAwCSXznehLqwxzGD81,2025-11-06 16:30:28,Kept (latest version),
KEPT,article_51316582418329.txt,file-Xw3Xip8Sqyn84LXVSz8a4i,file-Xw3Xip8Sqyn84LXVSz8a4i,2025-11-06 16:28:36,Kept (latest version),
KEPT,article_18066026538265.txt,file-LnR9XuuvfJSQ49RpSBUDXh,file-LnR9XuuvfJSQ49RpSBUDXh,2025-11-06 16:28:01,Kept (latest version),
KEPT,article_50626346406681.txt,file-GLXyz4qww66hvmKuY9jRf7,file-GLXyz4qww66hvmKuY9jRf7,2025-11-06 16:26:48,Kept (latest version),
KEPT,article_50155938741529.txt,file-F7cdqvfCDKJKARwPPhf97x,file-F7cdqvfCDKJKARwPPhf97x,2025-11-06 16:22:05,Kept (latest version),
KEPT,article_32770873292313.txt,file-TXp5ZW3aYB2aD2LWkawR6F,file-TXp5ZW3aYB2aD2LWkawR6F,2025-11-06 16:20:07,Kept (latest version),
KEPT,article_50689340027929.txt,file-24MJx1x2kMNtk1NkhaAErB,file-24MJx1x2kMNtk1NkhaAErB,2025-11-06 16:13:08,Kept (latest version),
KEPT,article_35680658769689.txt,file-UHRgUwTzVMHkcFp3jtBmRr,file-UHRgUwTzVMHkcFp3jtBmRr,2025-11-06 16:12:54,Kept (latest version),
KEPT,article_35412495841561.txt,file-43Ndf9oTMijM4xyAgjjEL4,file-43Ndf9oTMijM4xyAgjjEL4,2025-11-06 16:12:02,Kept (latest version),
KEPT,article_20393200316953.txt,file-V9B6vATVSwG2cMpeJTMPp5,file-V9B6vATVSwG2cMpeJTMPp5,2025-11-06 16:09:49,Kept (latest version),
KEPT,article_49911330101913.txt,file-PXoufMPrJ5zPghEmURxvCh,file-PXoufMPrJ5zPghEmURxvCh,2025-11-06 16:09:20,Kept (latest version),
KEPT,article_18069256899609.txt,file-LbLhsXzQP8iHRVupZoC7gm,file-LbLhsXzQP8iHRVupZoC7gm,2025-11-06 16:09:15,Kept (latest version),
KEPT,article_49921986292377.txt,file-FzoZJkqajK3g5Top7vSAp9,file-FzoZJkqajK3g5Top7vSAp9,2025-11-06 16:07:03,Kept (latest version),
KEPT,article_42554270556313.txt,file-RprC3YfCPqkPrCN239ff3o,file-RprC3YfCPqkPrCN239ff3o,2025-11-06 16:07:03,Kept (latest version),
KEPT,article_24359389797273.txt,file-B1VrgP4conNaKhatoTKjZk,file-B1VrgP4conNaKhatoTKjZk,2025-11-06 15:24:54,Kept (latest version),
KEPT,article_22079701622937.txt,file-CNXmsuFn6f46TX91iLYcmF,file-CNXmsuFn6f46TX91iLYcmF,2025-11-06 15:20:12,Kept (latest version),
KEPT,article_51670911738649.txt,file-B24qUnurEt5dAx7w7jSMAP,file-B24qUnurEt5dAx7w7jSMAP,2025-11-06 15:18:10,Kept (latest version),
KEPT,article_29445783818137.txt,file-TfauSVXadzceeoyLtFxNVp,file-TfauSVXadzceeoyLtFxNVp,2025-11-06 15:04:14,Kept (latest version),
KEPT,article_360042795951.txt,file-RQmDLCLYz9DjjPbdkZRqrx,file-RQmDLCLYz9DjjPbdkZRqrx,2025-11-06 15:01:15,Kept (latest version),
KEPT,article_5334156830617.txt,file-VfJb5gGY4ZDXw3JnvDb7gu,file-VfJb5gGY4ZDXw3JnvDb7gu,2025-11-06 14:59:14,Kept (latest version),
KEPT,article_29365801756441.txt,file-6i7T1YMUL9XkHcZgGQsCYN,file-6i7T1YMUL9XkHcZgGQsCYN,2025-11-06 14:57:39,Kept (latest version),
KEPT,article_360018418751.txt,file-7RnCS9MWeTBhDUeDn2dkt2,file-7RnCS9MWeTBhDUeDn2dkt2,2025-11-06 14:54:36,Kept (latest version),
KEPT,article_360018425871.txt,file-XpJWWBPUW9Sz4txeNA88xH,file-XpJWWBPUW9Sz4txeNA88xH,2025-11-06 14:53:50,Kept (latest version),
KEPT,article_20528262198169.txt,file-X3acGjBj2p3xTzJNoUiw2m,file-X3acGjBj2p3xTzJNoUiw2m,2025-11-06 14:47:17,Kept (latest version),
KEPT,article_34141611701401.txt,file-Gzb3oqN5HRkgTuDntK3wUv,file-Gzb3oqN5HRkgTuDntK3wUv,2025-11-06 14:46:59,Kept (latest version),
KEPT,article_10426803386521.txt,file-8RBMMDL5CgYJ7TaeMxnxes,file-8RBMMDL5CgYJ7TaeMxnxes,2025-11-06 14:39:55,Kept (latest version),
KEPT,article_5334136865049.txt,file-X1XhGc1LLkXGZG4o3b3tU4,file-X1XhGc1LLkXGZG4o3b3tU4,2025-11-06 14:37:41,Kept (latest version),
KEPT,article_42275945671321.txt,file-8yicYwpWjRGPnN5pUtLofz,file-8yicYwpWjRGPnN5pUtLofz,2025-11-06 14:32:47,Kept (latest version),
KEPT,article_49881600032793.txt,file-TyXpda5yzRXyj5gaDVNE8s,file-TyXpda5yzRXyj5gaDVNE8s,2025-11-06 14:30:17,Kept (latest version),
KEPT,article_38403510618905.txt,file-EzJUnhwgbyyVpbD3LXGeKF,file-EzJUnhwgbyyVpbD3LXGeKF,2025-11-05 18:26:26,Kept (latest version),
KEPT,article_23374160428697.txt,file-AHihwHXLkek569WtqLsD2j,file-AHihwHXLkek569WtqLsD2j,2025-11-05 18:22:48,Kept (latest version),
KEPT,article_21028226218777.txt,file-8o8QF6HviTcpu73ZeUi8Mj,file-8o8QF6HviTcpu73ZeUi8Mj,2025-11-05 18:20:55,Kept (latest version),
KEPT,article_360042699071.txt,file-3hiDJ5LwuNth7ytzcyoVjc,file-3hiDJ5LwuNth7ytzcyoVjc,2025-11-05 17:54:00,Kept (latest version),
KEPT,article_24345885684889.txt,file-NviZwmE83nhrKWiU6ze38m,file-NviZwmE83nhrKWiU6ze38m,2025-11-05 10:01:57,Kept (latest version),
KEPT,article_360042364672.txt,file-TgEngbXcWKZgS55dmV2hXJ,file-TgEngbXcWKZgS55dmV2hXJ,2025-11-05 09:50:20,Kept (latest version),
KEPT,article_360028037071.txt,file-Vxm3e6a6S9EnwVgNStxeaJ,file-Vxm3e6a6S9EnwVgNStxeaJ,2025-11-05 07:24:13,Kept (latest version),
KEPT,article_360050848171.txt,file-1BdCrRG2k15tXrzwXMYPjt,file-1BdCrRG2k15tXrzwXMYPjt,2025-11-04 06:32:06,Kept (latest version),
KEPT,article_360052395852.txt,file-UjtCPF6wSZGwRr5nHAmt6o,file-UjtCPF6wSZGwRr5nHAmt6o,2025-11-03 13:44:39,Kept (latest version),
KEPT,article_4407257666073.txt,file-BtkF7aoGQh7jsf2WEVuFuK,file-BtkF7aoGQh7jsf2WEVuFuK,2025-11-03 13:37:05,Kept (latest version),
KEPT,article_47590634843161.txt,file-LV7meMERzZe1JPFLuNSpfR,file-LV7meMERzZe1JPFLuNSpfR,2025-11-03 10:39:08,Kept (latest version),
KEPT,article_360053387831.txt,file-QKyjZVhDN1KyXJvfUyofKe,file-QKyjZVhDN1KyXJvfUyofKe,2025-11-03 09:58:45,Kept (latest version),
KEPT,article_26614220351385.txt,file-VHv3XWDcD6Pvmv2Bj93STr,file-VHv3XWDcD6Pvmv2Bj93STr,2025-11-03 08:51:36,Kept (latest version),
KEPT,article_50728531641497.txt,file-EHng6xhjPbvkT9JEM6mL8u,file-EHng6xhjPbvkT9JEM6mL8u,2025-10-31 15:13:28,Kept (latest version),
KEPT,article_50726184414617.txt,file-DyfGYjzEsKWabZVNjeb8R8,file-DyfGYjzEsKWabZVNjeb8R8,2025-10-31 15:13:19,Kept (latest version),
KEPT,article_50692721668121.txt,file-PmKqoPXZ98Kc8kMHEkusTq,file-PmKqoPXZ98Kc8kMHEkusTq,2025-10-31 15:13:02,Kept (latest version),
KEPT,article_51203178646041.txt,file-NBkV87i4Po5brediv778yL,file-NBkV87i4Po5brediv778yL,2025-10-31 15:10:34,Kept (latest version),
KEPT,article_360042552652.txt,file-CvdhFWh8UzHab1qXAZFJGy,file-CvdhFWh8UzHab1qXAZFJGy,2025-10-31 14:44:31,Kept (latest version),
KEPT,article_4406865209741.txt,file-RqDhfnaFJVuP1yWiK6fHFP,file-RqDhfnaFJVuP1yWiK6fHFP,2025-10-31 14:40:28,Kept (latest version),
KEPT,article_46661663689497.txt,file-731MKL3VGU1cPkWd7tXnq3,file-731MKL3VGU1cPkWd7tXnq3,2025-10-30 17:16:59,Kept (latest version),
KEPT,article_4406172026649.txt,file-6dkZ4Bu6TxHkNP6ZDCb5nU,file-6dkZ4Bu6TxHkNP6ZDCb5nU,2025-10-30 17:15:41,Kept (latest version),
KEPT,article_4407763585561.txt,file-26xLyeUo2qGohgjMUSt7Q8,file-26xLyeUo2qGohgjMUSt7Q8,2025-10-30 16:48:32,Kept (latest version),
KEPT,article_10457427517337.txt,file-V9ge4mP6BuAoNPHw2JD5Lp,file-V9ge4mP6BuAoNPHw2JD5Lp,2025-10-30 16:31:47,Kept (latest version),
KEPT,article_35955036815897.txt,file-2AEG7ryefvpMgANBz6LggJ,file-2AEG7ryefvpMgANBz6LggJ,2025-10-30 16:23:15,Kept (latest version),
KEPT,article_4409573162265.txt,file-8xGVYJpwErgtxcLU3Qvyqx,file-8xGVYJpwErgtxcLU3Qvyqx,2025-10-30 14:51:10,Kept (latest version),
KEPT,article_33310186092313.txt,file-MCukmGWWi8KxWgvXwJVQ5K,file-MCukmGWWi8KxWgvXwJVQ5K,2025-10-29 14:44:54,Kept (latest version),
KEPT,article_360049703912.txt,file-ARfYHi99CcHBWRkP8fo4iS,file-ARfYHi99CcHBWRkP8fo4iS,2025-10-28 14:26:44,Kept (latest version),
KEPT,article_360043215632.txt,file-V2CvZZAZE1XdaQKz5kaWAj,file-V2CvZZAZE1XdaQKz5kaWAj,2025-10-28 14:24:32,Kept (latest version),
KEPT,article_360024051432.txt,file-CMxmL3YhpHRGj9Bx9tTPRM,file-CMxmL3YhpHRGj9Bx9tTPRM,2025-10-28 13:15:41,Kept (latest version),
KEPT,article_18925916046873.txt,file-5c7zdSjjLbYehVnGRewiGJ,file-5c7zdSjjLbYehVnGRewiGJ,2025-10-28 11:12:58,Kept (latest version),
KEPT,article_360027859891.txt,file-8TukCisMFg83jimKdZsUEJ,file-8TukCisMFg83jimKdZsUEJ,2025-10-28 09:31:21,Kept (latest version),
KEPT,article_360058026792.txt,file-ESgF8murmxA7G1UnPLFSgy,file-ESgF8murmxA7G1UnPLFSgy,2025-10-28 09:29:55,Kept (latest version),
KEPT,article_4405630360217.txt,file-2KNrUBuFNbM632oHae48DZ,file-2KNrUBuFNbM632oHae48DZ,2025-10-27 16:56:27,Kept (latest version),
KEPT,article_5031769605401.txt,file-9h99wvCZMJhzeVrDbgpEev,file-9h99wvCZMJhzeVrDbgpEev,2025-10-27 16:17:43,Kept (latest version),
KEPT,article_50566296453785.txt,file-Nw4GzAAhdUf5fz8LHtRQ6t,file-Nw4GzAAhdUf5fz8LHtRQ6t,2025-10-27 16:11:46,Kept (latest version),
KEPT,article_13525424144153.txt,file-GL7di6NAvcGgHCsvsjNejw,file-GL7di6NAvcGgHCsvsjNejw,2025-10-27 13:30:39,Kept (latest version),
KEPT,article_4411426816281.txt,file-82R2HWGcZ9McxGp711fLmb,file-82R2HWGcZ9McxGp711fLmb,2025-10-27 13:16:27,Kept (latest version),
KEPT,article_31214276477721.txt,file-4Cw1wd2VnmAPKQMAtKn4kT,file-4Cw1wd2VnmAPKQMAtKn4kT,2025-10-27 13:07:58,Kept (latest version),
KEPT,article_360025042731.txt,file-UYSQEowNmkJwpKmsofPMT8,file-UYSQEowNmkJwpKmsofPMT8,2025-10-27 06:55:27,Kept (latest version),
KEPT,article_360031188751.txt,file-9jkxs8oBMuNq8aa36FfomX,file-9jkxs8oBMuNq8aa36FfomX,2025-10-27 06:39:46,Kept (latest version),
KEPT,article_22088167867161.txt,file-Fw6rMXQUcRVwjCmsH8cSiP,file-Fw6rMXQUcRVwjCmsH8cSiP,2025-10-24 12:44:01,Kept (latest version),
KEPT,article_14133160853529.txt,file-EBumW63pyXxi1BwkKG2ua4,file-EBumW63pyXxi1BwkKG2ua4,2025-10-24 12:31:29,Kept (latest version),
KEPT,article_16012058728985.txt,file-WNdYJz1VQu7dB3D1t58xsn,file-WNdYJz1VQu7dB3D1t58xsn,2025-10-24 12:30:43,Kept (latest version),
KEPT,article_13557009404697.txt,file-VrM2i53u4UpTMd9CSifmJJ,file-VrM2i53u4UpTMd9CSifmJJ,2025-10-24 12:27:54,Kept (latest version),
KEPT,article_16016240985753.txt,file-PaGkjfR5rx43nK8uLwVx4W,file-PaGkjfR5rx43nK8uLwVx4W,2025-10-24 11:59:34,Kept (latest version),
KEPT,article_50424308246169.txt,file-HrKMr2F3raykrXJxTr9ZPe,file-HrKMr2F3raykrXJxTr9ZPe,2025-10-24 11:59:02,Kept (latest version),
KEPT,article_51097364164633.txt,file-Y9UZgTjGhUoEBCeszNMeU6,file-Y9UZgTjGhUoEBCeszNMeU6,2025-10-24 11:40:38,Kept (latest version),
KEPT,article_23161935552025.txt,file-52m8w1mwuv9ALGGDCKcJ2Q,file-52m8w1mwuv9ALGGDCKcJ2Q,2025-10-24 11:32:04,Kept (latest version),
KEPT,article_7462463562905.txt,file-FSuhagYhQhcT7sqsHhGshH,file-FSuhagYhQhcT7sqsHhGshH,2025-10-24 07:15:29,Kept (latest version),
KEPT,article_50727257881881.txt,file-Hj1CNAy6p8DZJY4DtCr1EC,file-Hj1CNAy6p8DZJY4DtCr1EC,2025-10-23 18:05:08,Kept (latest version),
KEPT,article_49689661491737.txt,file-Ui8SXidq6qZJ2ttUwWfpx7,file-Ui8SXidq6qZJ2ttUwWfpx7,2025-10-23 18:03:33,Kept (latest version),
KEPT,article_27596576922521.txt,file-4NUmHxY7ippc92zTPRfBVV,file-4NUmHxY7ippc92zTPRfBVV,2025-10-23 18:00:52,Kept (latest version),
KEPT,article_37346912563737.txt,file-PUtZTDcqkrTawBfrpTSzxB,file-PUtZTDcqkrTawBfrpTSzxB,2025-10-23 17:58:43,Kept (latest version),
KEPT,article_360040115011.txt,file-LCeQKcTeTWpktwZ3FoMrDW,file-LCeQKcTeTWpktwZ3FoMrDW,2025-10-23 16:45:36,Kept (latest version),
KEPT,article_4407166369689.txt,file-UNWTBLRmCxzoTShABCLQp1,file-UNWTBLRmCxzoTShABCLQp1,2025-10-23 16:03:54,Kept (latest version),
KEPT,article_49717794007833.txt,file-6vfu4k6HWJzEEZkRUVZ7t1,file-6vfu4k6HWJzEEZkRUVZ7t1,2025-10-23 16:00:52,Kept (latest version),
KEPT,article_4407517293081.txt,file-RnmPJK2gEzWsYHSMgeDG4E,file-RnmPJK2gEzWsYHSMgeDG4E,2025-10-23 15:49:33,Kept (latest version),
KEPT,article_4407499009305.txt,file-GFY4oVVQ33btwYkyMgNk2y,file-GFY4oVVQ33btwYkyMgNk2y,2025-10-23 15:49:23,Kept (latest version),
KEPT,article_49125805318297.txt,file-L5cXsNmByj4evZA2Bs7D5n,file-L5cXsNmByj4evZA2Bs7D5n,2025-10-23 15:48:13,Kept (latest version),
KEPT,article_16809814339609.txt,file-4MZjb7hVqaMjxxX4Cry6SN,file-4MZjb7hVqaMjxxX4Cry6SN,2025-10-23 15:43:31,Kept (latest version),
KEPT,article_4410623875481.txt,file-6BNvmxTQogu71AvrNXwgom,file-6BNvmxTQogu71AvrNXwgom,2025-10-23 15:42:35,Kept (latest version),
KEPT,article_36302589081753.txt,file-KkEv7oUJ3uAbaTGXWcFvfV,file-KkEv7oUJ3uAbaTGXWcFvfV,2025-10-23 15:41:24,Kept (latest version),
KEPT,article_31218462788505.txt,file-JC8phRTw3NYYo9EitMFYNG,file-JC8phRTw3NYYo9EitMFYNG,2025-10-23 15:40:06,Kept (latest version),
KEPT,article_22129007295385.txt,file-LssFBuRapKdSUb4hHYBhzV,file-LssFBuRapKdSUb4hHYBhzV,2025-10-23 15:37:17,Kept (latest version),
KEPT,article_16808757090713.txt,file-5GaZ9vuLe8SZXAjTYkR3kP,file-5GaZ9vuLe8SZXAjTYkR3kP,2025-10-23 15:35:41,Kept (latest version),
KEPT,article_34269427691289.txt,file-CmZjRvPfMDr4yuX6fetCgM,file-CmZjRvPfMDr4yuX6fetCgM,2025-10-23 09:47:24,Kept (latest version),
KEPT,article_29742178285209.txt,file-7vns8UJeU1VTTA2B38pfRv,file-7vns8UJeU1VTTA2B38pfRv,2025-10-22 11:35:52,Kept (latest version),
KEPT,article_29632222423193.txt,file-YVdV4HpxGKXGCv2dY5D24X,file-YVdV4HpxGKXGCv2dY5D24X,2025-10-22 11:29:39,Kept (latest version),
KEPT,article_360024321751.txt,file-UgwGRCQyS9vT66p29DT4zd,file-UgwGRCQyS9vT66p29DT4zd,2025-10-22 09:16:11,Kept (latest version),
KEPT,article_51575491269785.txt,file-2buz7gBzqWDyG8M5fpMEwj,file-2buz7gBzqWDyG8M5fpMEwj,2025-10-20 23:21:30,Kept (latest version),
KEPT,article_51577218255513.txt,file-3sJAe4g3kFcXQKChqYc7et,file-3sJAe4g3kFcXQKChqYc7et,2025-10-20 23:21:27,Kept (latest version),
KEPT,article_51599867771673.txt,file-CRMiyHdz6up8mUVHeAss1L,file-CRMiyHdz6up8mUVHeAss1L,2025-10-20 23:21:24,Kept (latest version),
DELETED,article_47340650351385.txt,file-PYXvMfVDA9DmLDXerTuD7f,file-PYXvMfVDA9DmLDXerTuD7f,2025-10-20 23:23:15,Deleted,
DELETED,article_48337970425625.txt,file-1hPD9Nf1ZrwN3KYULBfrhv,file-1hPD9Nf1ZrwN3KYULBfrhv,2025-10-27 09:05:16,Deleted,
DELETED,article_48337970425625.txt,file-Rp4VzaFYFbQyc2ohnMZfZn,file-Rp4VzaFYFbQyc2ohnMZfZn,2025-10-21 00:15:01,Deleted,
DELETED,article_19248966251417.txt,file-Yb89LySmNdR3mNawnLTmup,file-Yb89LySmNdR3mNawnLTmup,2025-10-21 00:29:56,Deleted,
DELETED,article_51677022302745.txt,file-GzuixaEHxZHfp5TS6Xzhyi,file-GzuixaEHxZHfp5TS6Xzhyi,2025-10-23 16:37:44,Deleted,
DELETED,article_360047724551.txt,file-VTKyFgBrb8YEAnaQU7bDDv,file-VTKyFgBrb8YEAnaQU7bDDv,2025-10-21 00:03:15,Deleted,
DELETED,article_23403418763545.txt,file-Qx2c8XE7CmS1Da96Yr7hqa,file-Qx2c8XE7CmS1Da96Yr7hqa,2025-10-21 00:49:00,Deleted,
DELETED,article_49533482352409.txt,file-FoojBpTg3gKknyFJkxeVfr,file-FoojBpTg3gKknyFJkxeVfr,2025-10-29 13:42:33,Deleted,
DELETED,article_49533482352409.txt,file-V8BhFxmGtHYvgg8WxukGHA,file-V8BhFxmGtHYvgg8WxukGHA,2025-10-23 17:27:23,Deleted,
DELETED,article_49533482352409.txt,file-RT2dg7tG5Hpm8zPB7THahq,file-RT2dg7tG5Hpm8zPB7THahq,2025-10-20 23:22:34,Deleted,
DELETED,article_49256014636697.txt,file-JdWhFcyBcHDJuW8xiSgdLo,file-JdWhFcyBcHDJuW8xiSgdLo,2025-10-31 09:07:49,Deleted,
DELETED,article_49256014636697.txt,file-ESAiAh8CH2D4nXABbLr3HH,file-ESAiAh8CH2D4nXABbLr3HH,2025-10-21 00:32:53,Deleted,
DELETED,article_49539502304537.txt,file-TKEDLy3i76T1WAVTEduT85,file-TKEDLy3i76T1WAVTEduT85,2025-10-23 17:28:53,Deleted,
DELETED,article_49539502304537.txt,file-XFxsBJizFXi5a28eEkjgdZ,file-XFxsBJizFXi5a28eEkjgdZ,2025-10-20 23:48:21,Deleted,
DELETED,article_48300727338521.txt,file-KpNtrgCTfiJmhvmJeN4d3g,file-KpNtrgCTfiJmhvmJeN4d3g,2025-10-21 00:06:35,Deleted,
DELETED,article_18105734284697.txt,file-DFV2xA79dsr8n9PDwCFdbz,file-DFV2xA79dsr8n9PDwCFdbz,2025-10-20 23:36:34,Deleted,
DELETED,article_360046670391.txt,file-CzE26hXxBXmRVpg8PsMfEU,file-CzE26hXxBXmRVpg8PsMfEU,2025-10-21 00:51:17,Deleted,
DELETED,article_27458260337433.txt,file-2cwJdm5HCjuSKGtheEgZ5i,file-2cwJdm5HCjuSKGtheEgZ5i,2025-10-20 23:49:43,Deleted,
DELETED,article_360046202632.txt,file-EXGVhRfyE8UpySyPPRm8NM,file-EXGVhRfyE8UpySyPPRm8NM,2025-10-20 23:54:08,Deleted,
DELETED,article_49709534631705.txt,file-C86WiSDfJqAK5wvJPJqt6b,file-C86WiSDfJqAK5wvJPJqt6b,2025-10-20 23:58:01,Deleted,
DELETED,article_49948809227545.txt,file-WfQFuXfXX1CpYf8q8NjsKX,file-WfQFuXfXX1CpYf8q8NjsKX,2025-11-05 15:34:35,Deleted,
DELETED,article_49948809227545.txt,file-SF7hLyD1TAAX4gSqk6GhZa,file-SF7hLyD1TAAX4gSqk6GhZa,2025-10-20 23:22:13,Deleted,
DELETED,article_18064383906329.txt,file-SnxzXBJ6JDdawCohbcd6JD,file-SnxzXBJ6JDdawCohbcd6JD,2025-10-20 23:50:43,Deleted,
DELETED,article_51316582418329.txt,file-3MwDNokYTiwiHTvJGMsPcv,file-3MwDNokYTiwiHTvJGMsPcv,2025-10-21 00:22:18,Deleted,
DELETED,article_18066026538265.txt,file-4AQbxkFqZdMQB3FqAwQHrv,file-4AQbxkFqZdMQB3FqAwQHrv,2025-10-21 00:36:52,Deleted,
DELETED,article_50626346406681.txt,file-Fy1Y9oTxNRcFTwaKoQKpC9,file-Fy1Y9oTxNRcFTwaKoQKpC9,2025-10-20 23:21:53,Deleted,
DELETED,article_50155938741529.txt,file-D9dNwK6FTKKQfQ8hMy867r,file-D9dNwK6FTKKQfQ8hMy867r,2025-10-23 16:53:02,Deleted,
DELETED,article_50155938741529.txt,file-GTwD6ZJQaj1grP6PHM5ek2,file-GTwD6ZJQaj1grP6PHM5ek2,2025-10-21 00:28:34,Deleted,
DELETED,article_32770873292313.txt,file-XoXuNERztqywiK9VEpmE1K,file-XoXuNERztqywiK9VEpmE1K,2025-10-21 00:23:28,Deleted,
DELETED,article_50689340027929.txt,file-48Ly42ithZySfBaq283B4Y,file-48Ly42ithZySfBaq283B4Y,2025-10-20 23:21:49,Deleted,
DELETED,article_35680658769689.txt,file-PsB44rQswpr2mRWUHd3WYf,file-PsB44rQswpr2mRWUHd3WYf,2025-10-21 00:38:46,Deleted,
DELETED,article_35412495841561.txt,file-5WL1ZsMrFQWEchntgMQf3h,file-5WL1ZsMrFQWEchntgMQf3h,2025-10-21 00:38:49,Deleted,
DELETED,article_20393200316953.txt,file-9LHR9m8cuQ1PzeDHtEcZbY,file-9LHR9m8cuQ1PzeDHtEcZbY,2025-10-21 00:46:17,Deleted,
DELETED,article_49911330101913.txt,file-4ABquh1pxaAs1svwNSncLN,file-4ABquh1pxaAs1svwNSncLN,2025-10-20 23:57:55,Deleted,
DELETED,article_18069256899609.txt,file-YJUjyTuZi5g839eDg6fWrv,file-YJUjyTuZi5g839eDg6fWrv,2025-10-21 00:33:50,Deleted,
DELETED,article_49921986292377.txt,file-9D6HypRrcujpWdvpRp9Lvs,file-9D6HypRrcujpWdvpRp9Lvs,2025-10-23 16:50:24,Deleted,
DELETED,article_49921986292377.txt,file-GpEzqecyMq3BATPNBLLmTz,file-GpEzqecyMq3BATPNBLLmTz,2025-10-23 16:50:17,Deleted,
DELETED,article_49921986292377.txt,file-J7nLyRnxLNg4ECkz3aynaV,file-J7nLyRnxLNg4ECkz3aynaV,2025-10-20 23:22:17,Deleted,
DELETED,article_42554270556313.txt,file-JaPHsxvm5tq76uJGLEuX2i,file-JaPHsxvm5tq76uJGLEuX2i,2025-10-20 23:58:10,Deleted,
DELETED,article_24359389797273.txt,file-DKQCjCuCrWEHvQHokjchWB,file-DKQCjCuCrWEHvQHokjchWB,2025-10-21 00:33:40,Deleted,
DELETED,article_22079701622937.txt,file-1MWqdGX4Lk3ftf28AsCBjg,file-1MWqdGX4Lk3ftf28AsCBjg,2025-10-20 23:59:34,Deleted,
DELETED,article_51670911738649.txt,file-HnKjPhiSMfBLNxCMD9kXPa,file-HnKjPhiSMfBLNxCMD9kXPa,2025-10-23 16:28:03,Deleted,
DELETED,article_29445783818137.txt,file-64Pc8BnprfAQhxKhuaNfC3,file-64Pc8BnprfAQhxKhuaNfC3,2025-10-21 00:51:48,Deleted,
DELETED,article_360042795951.txt,file-KHXu2u2HLbnnCVPykgvd2h,file-KHXu2u2HLbnnCVPykgvd2h,2025-10-20 23:45:04,Deleted,
DELETED,article_5334156830617.txt,file-E7nRo2uJjoccW7Ae14AMaX,file-E7nRo2uJjoccW7Ae14AMaX,2025-10-20 23:52:12,Deleted,
DELETED,article_29365801756441.txt,file-DcKKg3ywfDtMUqKYUTiCFX,file-DcKKg3ywfDtMUqKYUTiCFX,2025-10-20 23:30:25,Deleted,
DELETED,article_360018418751.txt,file-RiBSu84eoVcEgJjrwbWjcS,file-RiBSu84eoVcEgJjrwbWjcS,2025-10-20 23:57:44,Deleted,
DELETED,article_360018425871.txt,file-1JtEucWCLcfZAdYKuTQuCD,file-1JtEucWCLcfZAdYKuTQuCD,2025-10-27 15:35:56,Deleted,
DELETED,article_360018425871.txt,file-MvQSAW1oix5PLNgQHgH2iX,file-MvQSAW1oix5PLNgQHgH2iX,2025-10-21 16:45:42,Deleted,
DELETED,article_360018425871.txt,file-FVFwoFmWdvQrHz4RTLLHhR,file-FVFwoFmWdvQrHz4RTLLHhR,2025-10-20 23:57:26,Deleted,
DELETED,article_20528262198169.txt,file-1RtSP7Kzkp5FAfsc8ggWH3,file-1RtSP7Kzkp5FAfsc8ggWH3,2025-10-20 23:35:11,Deleted,
DELETED,article_34141611701401.txt,file-L8qVsZCvDMLY6fNpKD77cV,file-L8qVsZCvDMLY6fNpKD77cV,2025-10-20 23:27:30,Deleted,
DELETED,article_10426803386521.txt,file-6imm7hdoyKYG6EVimcBv6j,file-6imm7hdoyKYG6EVimcBv6j,2025-10-20 23:39:11,Deleted,
DELETED,article_5334136865049.txt,file-9qzYoJURdFEwfZZqZZKu1G,file-9qzYoJURdFEwfZZqZZKu1G,2025-10-21 00:00:56,Deleted,
DELETED,article_42275945671321.txt,file-FMt5Ew8MrTxG55VSjrzRBn,file-FMt5Ew8MrTxG55VSjrzRBn,2025-10-21 00:47:55,Deleted,
DELETED,article_49881600032793.txt,file-NXwtvL6Q2PjL38dX9AkuEU,file-NXwtvL6Q2PjL38dX9AkuEU,2025-10-23 16:09:09,Deleted,
DELETED,article_49881600032793.txt,file-7w1tukAYbzFn2amwS8kjU4,file-7w1tukAYbzFn2amwS8kjU4,2025-10-21 12:24:24,Deleted,
DELETED,article_49881600032793.txt,file-MH8j6crJWeN6un7XojYVQP,file-MH8j6crJWeN6un7XojYVQP,2025-10-20 23:48:14,Deleted,
DELETED,article_38403510618905.txt,file-TRqjW6UW11mDqvt6o3F5qz,file-TRqjW6UW11mDqvt6o3F5qz,2025-10-21 00:22:57,Deleted,
DELETED,article_23374160428697.txt,file-MYgQkw51awh2n4yUVJNiTh,file-MYgQkw51awh2n4yUVJNiTh,2025-10-20 23:49:59,Deleted,
DELETED,article_21028226218777.txt,file-EVnZJYxV1hEDrPcWfbTCsm,file-EVnZJYxV1hEDrPcWfbTCsm,2025-10-23 15:46:44,Deleted,
DELETED,article_21028226218777.txt,file-D9vGDL5X9xmWhj4fx6J8LE,file-D9vGDL5X9xmWhj4fx6J8LE,2025-10-20 23:50:18,Deleted,
DELETED,article_360042699071.txt,file-GFPrD3vsUqhwPB3vKv2m4c,file-GFPrD3vsUqhwPB3vKv2m4c,2025-10-20 23:45:07,Deleted,
DELETED,article_24345885684889.txt,file-KxD3rBULXcc5Lwjd3hvG1J,file-KxD3rBULXcc5Lwjd3hvG1J,2025-10-21 00:36:33,Deleted,
DELETED,article_360042364672.txt,file-WGLQyy24oZCciVnikECFE5,file-WGLQyy24oZCciVnikECFE5,2025-10-20 23:54:37,Deleted,
DELETED,article_360028037071.txt,file-UFmaBrGSCMpvX1JRKwVTwK,file-UFmaBrGSCMpvX1JRKwVTwK,2025-10-20 23:46:26,Deleted,
DELETED,article_360050848171.txt,file-Bd3BVxGj4jpnuxWv6bUQnY,file-Bd3BVxGj4jpnuxWv6bUQnY,2025-10-21 00:20:23,Deleted,
DELETED,article_360052395852.txt,file-JNEqCH3PGtH4osmNzEUSHM,file-JNEqCH3PGtH4osmNzEUSHM,2025-10-21 00:02:57,Deleted,
DELETED,article_4407257666073.txt,file-Pp2zBrWyJxGTCd45UTjvfg,file-Pp2zBrWyJxGTCd45UTjvfg,2025-10-21 00:18:37,Deleted,
DELETED,article_47590634843161.txt,file-BnSaSrnxVjQfPmMyEtmH1Z,file-BnSaSrnxVjQfPmMyEtmH1Z,2025-10-21 00:45:52,Deleted,
DELETED,article_360053387831.txt,file-R6LebUePLaKgPPEYazt5WW,file-R6LebUePLaKgPPEYazt5WW,2025-10-20 23:53:31,Deleted,
DELETED,article_26614220351385.txt,file-KXZo3QBdpQspLCatJ8ZHmD,file-KXZo3QBdpQspLCatJ8ZHmD,2025-10-21 00:43:24,Deleted,
DELETED,article_50728531641497.txt,file-XjBZ2VxrLicHvdr74UuyST,file-XjBZ2VxrLicHvdr74UuyST,2025-10-23 15:42:04,Deleted,
DELETED,article_50728531641497.txt,file-Q9iUf6i4n4zvd5UcrdseX6,file-Q9iUf6i4n4zvd5UcrdseX6,2025-10-21 00:06:23,Deleted,
DELETED,article_50726184414617.txt,file-KF95BPcp9NV2LBNev58GEe,file-KF95BPcp9NV2LBNev58GEe,2025-10-24 10:42:28,Deleted,
DELETED,article_50726184414617.txt,file-A2J6VhfEYZ6UcpnhkxwUj4,file-A2J6VhfEYZ6UcpnhkxwUj4,2025-10-23 15:45:27,Deleted,
DELETED,article_50726184414617.txt,file-467mP8RriU63UAvuq73Vpx,file-467mP8RriU63UAvuq73Vpx,2025-10-20 23:21:43,Deleted,
DELETED,article_50692721668121.txt,file-Bmj39wLeEKHE32W7G8pmRD,file-Bmj39wLeEKHE32W7G8pmRD,2025-10-24 10:44:17,Deleted,
DELETED,article_50692721668121.txt,file-XiL9UXh8VmwWk8VfGWisKm,file-XiL9UXh8VmwWk8VfGWisKm,2025-10-20 23:21:46,Deleted,
DELETED,article_51203178646041.txt,file-L2SQwGCXygtftUjRVJ2ZAZ,file-L2SQwGCXygtftUjRVJ2ZAZ,2025-10-23 18:42:10,Deleted,
DELETED,article_51203178646041.txt,file-JVkVfDh7oVQHH4tV7JGb4K,file-JVkVfDh7oVQHH4tV7JGb4K,2025-10-20 23:21:33,Deleted,
DELETED,article_360042552652.txt,file-KEr9vp8BBpvZmUPF3Mw2je,file-KEr9vp8BBpvZmUPF3Mw2je,2025-10-21 00:38:13,Deleted,
DELETED,article_4406865209741.txt,file-F1fTxCLCQ6WQt2nKrgYh6Z,file-F1fTxCLCQ6WQt2nKrgYh6Z,2025-10-23 15:46:35,Deleted,
DELETED,article_4406865209741.txt,file-6kgfQVuV6Wr8CEF8gX5vjM,file-6kgfQVuV6Wr8CEF8gX5vjM,2025-10-21 00:01:56,Deleted,
DELETED,article_46661663689497.txt,file-8bEQRTV6qP2yAigf3CxL4k,file-8bEQRTV6qP2yAigf3CxL4k,2025-10-21 00:51:24,Deleted,
DELETED,article_4406172026649.txt,file-FvmNS1znpN1Pv2RCUifNSG,file-FvmNS1znpN1Pv2RCUifNSG,2025-10-21 00:47:34,Deleted,
DELETED,article_4407763585561.txt,file-FLgXUHXjYm1rPdo88fNfmF,file-FLgXUHXjYm1rPdo88fNfmF,2025-10-21 00:34:19,Deleted,
DELETED,article_10457427517337.txt,file-UTZYsQnLyMLgRAmv7Szyud,file-UTZYsQnLyMLgRAmv7Szyud,2025-10-21 00:39:45,Deleted,
DELETED,article_35955036815897.txt,file-WUmy5JhZVJyS9xVxnFKdLe,file-WUmy5JhZVJyS9xVxnFKdLe,2025-10-20 23:27:08,Deleted,
DELETED,article_4409573162265.txt,file-UvzKgE4PbJ3wvPHgKmi8ks,file-UvzKgE4PbJ3wvPHgKmi8ks,2025-10-21 00:37:41,Deleted,
DELETED,article_33310186092313.txt,file-JwaNXyjJRmMywdf6tJAkDi,file-JwaNXyjJRmMywdf6tJAkDi,2025-10-21 00:23:18,Deleted,
DELETED,article_360049703912.txt,file-LmGPEk8LLPqdXDfHXbBd8p,file-LmGPEk8LLPqdXDfHXbBd8p,2025-10-21 00:48:40,Deleted,
DELETED,article_360043215632.txt,file-RhHe5FdUxfY6Mu3mr6VjEB,file-RhHe5FdUxfY6Mu3mr6VjEB,2025-10-20 23:54:20,Deleted,
DELETED,article_360024051432.txt,file-MTF1fXznDGUkiUR8YqED1Q,file-MTF1fXznDGUkiUR8YqED1Q,2025-10-20 23:56:35,Deleted,
DELETED,article_18925916046873.txt,file-Ta52Uddj3T9c5gqaodxs8e,file-Ta52Uddj3T9c5gqaodxs8e,2025-10-20 23:36:02,Deleted,
DELETED,article_360027859891.txt,file-WMzQ1Qzv7X4YNdb9sjQGsb,file-WMzQ1Qzv7X4YNdb9sjQGsb,2025-10-20 23:46:31,Deleted,
DELETED,article_360058026792.txt,file-K7uoLnpTZ94AK6g5az1JWh,file-K7uoLnpTZ94AK6g5az1JWh,2025-10-20 23:53:14,Deleted,
DELETED,article_4405630360217.txt,file-9Wka1p3bnpNPknGA5zPZuc,file-9Wka1p3bnpNPknGA5zPZuc,2025-10-22 09:14:38,Deleted,
DELETED,article_4405630360217.txt,file-M3FgxX2kKCHATY9YcvvKyj,file-M3FgxX2kKCHATY9YcvvKyj,2025-10-21 00:01:49,Deleted,
DELETED,article_5031769605401.txt,file-XnPwgLGjXiCQPLDHfWz7RS,file-XnPwgLGjXiCQPLDHfWz7RS,2025-10-21 00:00:59,Deleted,
DELETED,article_50566296453785.txt,file-BAM93TGVgoWxHMUhYqBSGH,file-BAM93TGVgoWxHMUhYqBSGH,2025-10-21 00:40:57,Deleted,
DELETED,article_13525424144153.txt,file-ScSFVtMXSBHLPjwUvaaBaG,file-ScSFVtMXSBHLPjwUvaaBaG,2025-10-20 23:38:41,Deleted,
DELETED,article_4411426816281.txt,file-5GTnoHKeFhAPgfJPmnhf5h,file-5GTnoHKeFhAPgfJPmnhf5h,2025-10-20 23:40:39,Deleted,
DELETED,article_31214276477721.txt,file-3pc2k1j361YTRe9uiEKVFy,file-3pc2k1j361YTRe9uiEKVFy,2025-10-20 23:49:08,Deleted,
DELETED,article_360025042731.txt,file-UkZJZf3WWChVamtkT4qJGZ,file-UkZJZf3WWChVamtkT4qJGZ,2025-10-21 00:13:40,Deleted,
DELETED,article_360031188751.txt,file-SA2VYchyageHQ9eU6M7UF3,file-SA2VYchyageHQ9eU6M7UF3,2025-10-21 00:13:27,Deleted,
DELETED,article_22088167867161.txt,file-FhPUgktbqa2RJbLe39VUaC,file-FhPUgktbqa2RJbLe39VUaC,2025-10-20 23:50:11,Deleted,
DELETED,article_14133160853529.txt,file-1JKCfHHMVXaXZiZ6QGJ9QU,file-1JKCfHHMVXaXZiZ6QGJ9QU,2025-10-20 23:38:29,Deleted,
DELETED,article_16012058728985.txt,file-9eVzngjZmp7D7SXmybszdS,file-9eVzngjZmp7D7SXmybszdS,2025-10-20 23:38:09,Deleted,
DELETED,article_13557009404697.txt,file-DJca5M7SKV1ET5B2vVLQPL,file-DJca5M7SKV1ET5B2vVLQPL,2025-10-21 00:54:58,Deleted,
DELETED,article_16016240985753.txt,file-6D8jbHKP1f8MrhV2JoNmpX,file-6D8jbHKP1f8MrhV2JoNmpX,2025-10-21 00:09:10,Deleted,
DELETED,article_50424308246169.txt,file-R7FCYhRqrdd3gEjSqre2Qr,file-R7FCYhRqrdd3gEjSqre2Qr,2025-10-23 15:38:58,Deleted,
DELETED,article_50424308246169.txt,file-9raEDqy2Q2KdPHdJUxn6hT,file-9raEDqy2Q2KdPHdJUxn6hT,2025-10-20 23:22:03,Deleted,
DELETED,article_51097364164633.txt,file-6scoEohgWspFJe1aorsa6F,file-6scoEohgWspFJe1aorsa6F,2025-10-23 15:58:27,Deleted,
DELETED,article_51097364164633.txt,file-24w7dUknoVvm1JXTAqa9ax,file-24w7dUknoVvm1JXTAqa9ax,2025-10-21 00:32:41,Deleted,
DELETED,article_23161935552025.txt,file-CYWoGQf8a9MyCFr5Etiumr,file-CYWoGQf8a9MyCFr5Etiumr,2025-10-21 00:29:40,Deleted,
DELETED,article_7462463562905.txt,file-HmNGZ4sRmzuoD2Dqwoj2tJ,file-HmNGZ4sRmzuoD2Dqwoj2tJ,2025-10-20 23:52:05,Deleted,
DELETED,article_50727257881881.txt,file-N26bA4nq5MetwnMbEM1EQi,file-N26bA4nq5MetwnMbEM1EQi,2025-10-20 23:48:08,Deleted,
DELETED,article_49689661491737.txt,file-M8sgeFrJytXU9T1iGwWvD4,file-M8sgeFrJytXU9T1iGwWvD4,2025-10-21 00:22:25,Deleted,
DELETED,article_27596576922521.txt,file-FBQ6ECb5ThWbLEJZ1R5uSv,file-FBQ6ECb5ThWbLEJZ1R5uSv,2025-10-20 23:49:38,Deleted,
DELETED,article_37346912563737.txt,file-4kutBjoRyTh1vyX9aPHHJs,file-4kutBjoRyTh1vyX9aPHHJs,2025-10-21 00:33:18,Deleted,
DELETED,article_360040115011.txt,file-A5LH7gfLRoW52oJLVjNL1s,file-A5LH7gfLRoW52oJLVjNL1s,2025-10-20 23:55:14,Deleted,
DELETED,article_4407166369689.txt,file-HnQjyVDgCqhDK7einzGhHz,file-HnQjyVDgCqhDK7einzGhHz,2025-10-21 00:01:27,Deleted,
DELETED,article_49717794007833.txt,file-Q49TCDicEuvyW5ArJbFpyy,file-Q49TCDicEuvyW5ArJbFpyy,2025-10-20 23:57:58,Deleted,
DELETED,article_4407517293081.txt,file-NXazQbcQdsBp8gp8Nf6Bb9,file-NXazQbcQdsBp8gp8Nf6Bb9,2025-10-20 23:41:32,Deleted,
DELETED,article_4407499009305.txt,file-K7UvYkbjCe74MhYja7S2Kn,file-K7UvYkbjCe74MhYja7S2Kn,2025-10-20 23:41:37,Deleted,
DELETED,article_49125805318297.txt,file-LEVZYvcrSd7fe7Fcs5zALx,file-LEVZYvcrSd7fe7Fcs5zALx,2025-10-20 23:22:47,Deleted,
DELETED,article_16809814339609.txt,file-XKw5YZrv1zxQCVQpQ8Dvwb,file-XKw5YZrv1zxQCVQpQ8Dvwb,2025-10-20 23:50:53,Deleted,
DELETED,article_4410623875481.txt,file-RiPkaktbbLe3Z5N1v63UXf,file-RiPkaktbbLe3Z5N1v63UXf,2025-10-20 23:40:48,Deleted,
DELETED,article_36302589081753.txt,file-RVbkmnTN6oMen2TbVqzs7P,file-RVbkmnTN6oMen2TbVqzs7P,2025-10-21 00:41:09,Deleted,
DELETED,article_31218462788505.txt,file-U6o4m654H18PhcDTV2c3aF,file-U6o4m654H18PhcDTV2c3aF,2025-10-20 23:58:48,Deleted,
DELETED,article_22129007295385.txt,file-3rNKBbcxq2PriWj2No4G9b,file-3rNKBbcxq2PriWj2No4G9b,2025-10-21 00:51:00,Deleted,
DELETED,article_16808757090713.txt,file-P1boAKSADCfMrHdT9ayJSg,file-P1boAKSADCfMrHdT9ayJSg,2025-10-20 23:37:36,Deleted,
DELETED,article_34269427691289.txt,file-BEDm4eP8Pz3zUsSr95wgi4,file-BEDm4eP8Pz3zUsSr95wgi4,2025-10-21 00:47:03,Deleted,
DELETED,article_29742178285209.txt,file-CoY7UuM5ZevjLiKJnGU7ef,file-CoY7UuM5ZevjLiKJnGU7ef,2025-10-20 23:59:00,Deleted,
DELETED,article_29632222423193.txt,file-AsbJKTLeUWU4TezK9TjoJV,file-AsbJKTLeUWU4TezK9TjoJV,2025-10-20 23:30:15,Deleted,
DELETED,article_360024321751.txt,file-9VrJqZihSTby38K5gRGyPU,file-9VrJqZihSTby38K5gRGyPU,2025-10-20 23:47:17,Deleted,
DELETED,article_51575491269785.txt,file-BApSp5wJgoe2joEbcM7Hdx,file-BApSp5wJgoe2joEbcM7Hdx,2025-10-20 23:21:10,Deleted,
DELETED,article_51577218255513.txt,file-Xqr4A4aCc4BqKyNJnCDJ1n,file-Xqr4A4aCc4BqKyNJnCDJ1n,2025-10-20 23:21:06,Deleted,
DELETED,article_51599867771673.txt,file-9HVfn8BrZ3fhsMXgT3dEQx,file-9HVfn8BrZ3fhsMXgT3dEQx,2025-10-20 23:21:01,Deleted,
